{"cameraMode":{"drawMode":0,"name":"Shaded","section":"Shading Mode"},"sceneLighting":true,"audioPlay":false,"sceneViewState":{"showFog":true,"showMaterialUpdate":false,"showSkybox":true,"showFlares":true,"showImageEffects":true,"showParticleSystems":true},"in2DMode":false,"pivot":{"x":0.04286599159240723,"y":-0.42334461212158205,"z":8.520959854125977},"rotation":{"x":0.16297703981399537,"y":0.035500213503837588,"z":-0.00590162631124258,"w":0.9860034584999085},"size":159.1071014404297,"orthographic":false}