{"cameraMode":{"drawMode":0,"name":"Shaded","section":"Shading Mode"},"sceneLighting":true,"audioPlay":false,"sceneViewState":{"showFog":true,"showMaterialUpdate":false,"showSkybox":true,"showFlares":true,"showImageEffects":true,"showParticleSystems":true},"in2DMode":false,"pivot":{"x":-6.792167663574219,"y":-0.2310352325439453,"z":8.569355010986329},"rotation":{"x":-0.20140714943408967,"y":0.01381226722151041,"z":-0.0028232354670763017,"w":-0.9794273376464844},"size":65.04278564453125,"orthographic":false}