{"cameraMode":{"drawMode":0,"name":"Shaded","section":"Shading Mode"},"sceneLighting":false,"audioPlay":false,"sceneViewState":{"showFog":true,"showMaterialUpdate":false,"showSkybox":true,"showFlares":true,"showImageEffects":true,"showParticleSystems":true},"in2DMode":false,"pivot":{"x":0.11918213963508606,"y":8.566255569458008,"z":1.5220813751220704},"rotation":{"x":-0.04079412296414375,"y":-0.01588805578649044,"z":0.0006650180439464748,"w":-0.9990589022636414},"size":3.675488233566284,"orthographic":false}