{"cameraMode":{"drawMode":0,"name":"Shaded","section":"Shading Mode"},"sceneLighting":true,"audioPlay":false,"sceneViewState":{"showFog":true,"showMaterialUpdate":false,"showSkybox":true,"showFlares":true,"showImageEffects":true,"showParticleSystems":true},"in2DMode":false,"pivot":{"x":1.944543480873108,"y":0.10466814041137696,"z":8.794212341308594},"rotation":{"x":-0.04079412296414375,"y":-0.01588805578649044,"z":0.0006650180439464748,"w":-0.9990589022636414},"size":58.808006286621097,"orthographic":false}