{"cameraMode":{"drawMode":0,"name":"Shaded","section":"Shading Mode"},"sceneLighting":false,"audioPlay":false,"sceneViewState":{"showFog":true,"showMaterialUpdate":false,"showSkybox":true,"showFlares":true,"showImageEffects":true,"showParticleSystems":true},"in2DMode":false,"pivot":{"x":-0.004000000189989805,"y":7.521999835968018,"z":0.0},"rotation":{"x":-0.04079412296414375,"y":-0.01588805578649044,"z":0.0006650180439464748,"w":-0.9990589022636414},"size":3.8027896881103517,"orthographic":false}