{"cameraMode":{"drawMode":0,"name":"Shaded","section":"Shading Mode"},"sceneLighting":true,"audioPlay":false,"sceneViewState":{"showFog":true,"showMaterialUpdate":false,"showSkybox":true,"showFlares":true,"showImageEffects":true,"showParticleSystems":true},"in2DMode":false,"pivot":{"x":19.58302879333496,"y":1.4779982566833497,"z":8.345415115356446},"rotation":{"x":-0.04079412296414375,"y":-0.01588805578649044,"z":0.0006650180439464748,"w":-0.9990589022636414},"size":14.576309204101563,"orthographic":false}